millis(),Current_state,Calculated_flight_time,Time_since_last_log,IMU_accel_X,IMU_accel_Y,IMU_accel_Z,IMU_mag_X,IMU_mag_Y,IMU_mag_Z,IMU_gyro_X,IMU_gyro_Y,IMU_gyro_Z,IMU_temp,BARO_temp,BARO_press,BARO_alt,Velocity_inte,Velocity_diff,Velocity_est,lastInte.x,lastInte.y,lastDiff.x,lastDiff.y,Est_apogee,Z_accel_times_burnoutMass
636,2,636,636,-9.439,0.940,0.940,77.316,-65.551,-53.726,0.232,0.205,0.47,-651.0,9.522,91571.656,847.279,0.0,0.0,0.0,623.0,0.559,623.0,846.357,-2147483648.2147483647,0.574
726,2,726,90,-9.346,-1.536,0.351,76.293,-65.10,-55.261,0.215,0.43,0.24,-651.0,9.549,91565.750,846.493,-63.637,0.5,2.906,713.0,0.854,713.0,845.881,-54.512,0.214
814,2,814,88,-10.171,0.351,0.114,74.451,-63.607,-57.614,0.313,0.229,0.182,-651.0,9.577,91564.343,846.416,-114.805,0.7,1.613,801.0,0.308,801.0,846.513,-77.252,0.70
901,2,901,87,-9.59,-1.205,-1.521,74.890,-61.867,-57.410,0.82,0.46,0.412,-651.0,9.586,91558.656,847.37,-224.721,0.5,2.940,888.0,-2.218,888.0,846.28,-53.931,0.929
988,2,988,87,-10.889,0.710,0.287,76.191,-60.26,-57.950,0.83,0.45,0.213,-651.0,9.586,91555.218,846.329,-330.891,0.4,1.710,975.0,0.222,975.0,846.436,-75.261,0.175
1077,2,1077,89,-9.109,-1.737,-1.33,77.272,-58.491,-59.105,0.94,0.29,0.366,-651.0,9.595,91561.875,846.640,-410.802,0.2,1.823,1063.0,-1.593,1063.0,846.650,-72.684,0.631
1163,2,1163,86,-10.121,-1.134,0.480,80.342,-57.585,-57.351,0.213,0.174,0.239,-651.0,9.600,91558.437,846.844,-507.291,0.1,1.911,1150.0,0.624,1150.0,846.746,-70.537,0.293
1252,2,1252,89,-9.934,-1.4,-1.701,81.116,-57.322,-57.410,0.210,0.392,0.115,-651.0,9.595,91559.617,846.542,-615.582,0.3,2.430,1239.0,-1.808,1239.0,846.446,-61.624,-1.38
1340,2,1340,88,-9.762,-1.787,0.617,85.618,-56.986,-54.823,0.68,0.155,0.173,-651.0,9.605,91560.687,846.746,-712.864,0.4,1.710,1327.0,0.401,1327.0,846.853,-74.545,0.376
1427,2,1427,87,-9.497,-2.167,-1.26,85.530,-57.687,-56.577,0.72,0.277,0.193,-651.0,9.595,91557.250,846.339,-765.12,0.5,3.17,1414.0,0.796,1414.0,846.349,-53.322,0.626
1514,2,1514,87,-9.906,0.976,-1.708,84.258,-58.857,-59.485,0.98,0.170,0.80,-619.0,9.600,91553.812,846.650,-874.617,0.5,1.664,1501.0,-1.722,1501.0,846.853,-75.682,-1.43
1602,2,1602,88,-9.217,0.983,-1.708,82.972,-59.894,-62.233,0.37,0.263,0.87,-651.0,9.600,91561.765,846.746,-1010.749,0.3,2.451,1589.0,-1.371,1589.0,846.542,-61.178,-1.43
1689,2,1689,87,-9.403,-1.141,-1.241,81.365,-61.34,-62.613,0.109,0.126,0.60,-619.0,9.600,91550.484,846.135,-1126.911,0.0,2.94,1676.0,-1.299,1676.0,846.456,-66.976,0.758
1778,2,1778,89,-8.908,0.588,-1.313,81.58,-61.341,-63.665,0.11,0.103,0.30,-619.0,9.600,91559.507,846.446,-1254.688,0.3,2.430,1765.0,-1.572,1765.0,846.155,-61.722,0.802
1866,2,1866,88,-9.30,-1.478,-1.363,81.715,-61.838,-64.30,0.154,0.29,0.124,-619.0,9.609,91558.218,846.359,-1395.558,0.3,1.763,1853.0,-1.629,1853.0,846.465,-74.380,0.832
1953,2,1953,87,-9.963,0.638,-1.529,81.467,-61.765,-64.118,0.119,0.42,0.4,-619.0,9.618,91562.726,846.359,-1530.144,0.4,2.686,1940.0,-1.464,1940.0,846.58,-57.618,0.933
2040,2,2040,87,-11.227,-3.273,2.60,82.899,-62.525,-63.80,0.325,1.76,0.24,-619.0,9.623,91557.31,846.165,-1685.651,0.2,1.830,2027.0,-2.110,2027.0,846.262,-72.192,1.257
2129,2,2129,89,-8.994,-1.292,-1.91,83.981,-62.467,-61.356,0.95,0.184,0.17,-619.0,9.628,91559.289,846.669,-1808.833,0.0,1.989,2115.0,0.689,2115.0,846.272,-69.670,0.666
2215,2,2215,86,-9.611,-1.105,-1.198,83.484,-61.166,-63.314,0.1,0.4,0.199,-619.0,9.632,91559.289,846.680,-1887.211,0.1,1.903,2202.0,-1.112,2202.0,846.379,-70.261,0.731
2319,2,2319,104,-11.815,0.531,-1.256,78.821,-62.452,-66.530,0.31,0.513,-1.66,-619.0,9.618,91559.289,846.863,-2007.408,0.1,1.903,2306.0,-1.198,2306.0,846.486,-71.995,0.767
2402,2,2402,83,-12.533,1.651,-2.210,78.61,-65.419,-63.987,0.744,0.252,0.176,-619.0,9.637,91559.179,846.883,-2164.404,0.6,1.664,2389.0,-2.584,2389.0,846.990,-75.483,-1.350
2489,2,2489,87,-7.673,0.567,-1.277,82.592,-71.499,-53.127,1.312,0.255,0.816,-619.0,9.632,91567.15,846.883,-2338.23,0.9,6.160,2476.0,-1.406,2476.0,846.184,-25.83,0.780
2576,2,2576,87,-10.738,-2.462,0.768,91.771,-73.838,-40.163,1.173,1.69,0.937,-619.0,9.628,91562.507,846.786,-2458.244,0.7,1.620,2563.0,-1.356,2563.0,846.796,-77.730,0.468
2659,2,2659,83,-9.353,-2.110,0.157,98.684,-73.165,-29.552,1.24,0.216,0.573,-619.0,9.646,91557.882,846.893,-2544.339,0.3,2.450,2646.0,0.717,2646.0,846.486,-60.955,0.96
2746,2,2746,87,-10.6,-2.9,0.122,96.506,-78.32,-14.440,0.991,1.649,0.865,-619.0,9.632,91564.757,846.883,-2603.357,0.3,2.431,2733.0,0.638,2733.0,846.184,-60.766,0.74
2840,2,2840,94,-10.509,-1.249,1.414,83.645,-89.476,7.483,1.695,1.203,-1.54,-619.0,9.632,91559.70,847.184,-2599.983,0.3,1.762,2827.0,0.710,2827.0,846.495,-74.55,0.863
2928,2,2928,88,-10.695,0.839,1.227,74.305,-92.429,27.535,1.715,1.852,0.416,-619.0,9.646,91564.757,846.883,-2523.863,0.0,2.9,2915.0,1.19,2915.0,846.486,-68.265,0.749
3015,2,3015,87,-8.578,1.557,3.359,66.325,-92.429,43.320,1.303,0.167,0.580,-619.0,9.632,91555.632,846.690,-2291.851,0.1,1.903,3002.0,4.314,3002.0,846.593,-70.375,2.51
3102,2,3102,87,-7.982,0.229,2.677,66.4,-90.222,53.595,1.95,0.498,0.120,-619.0,9.637,91554.554,847.397,-1962.101,0.2,1.830,3089.0,3.266,3089.0,846.796,-73.81,1.634
3191,2,3191,89,-7.479,-1.320,2.584,71.411,-87.182,57.629,0.240,-1.506,0.613,-619.0,9.641,91556.812,846.583,-1716.52,0.5,3.17,3177.0,2.325,3177.0,846.292,-52.893,1.577
3277,2,3277,86,-8.90,-1.945,1.363,76.103,-85.618,56.898,0.201,0.144,-1.190,-619.0,9.637,91553.375,846.990,-1610.819,0.5,1.664,3264.0,0.93,3264.0,846.796,-76.179,0.832
3367,2,3367,90,-9.690,0.445,0.423,72.537,-88.219,57.936,0.532,0.282,-1.87,-619.0,9.628,91557.992,846.476,-1590.145,0.2,2.255,3354.0,0.366,3354.0,846.593,-64.688,0.258
3455,2,3455,88,-9.410,0.71,0.732,68.79,-92.706,58.23,0.120,0.1,0.492,-619.0,9.641,91560.250,846.883,-1541.188,0.1,2.119,3442.0,0.746,3442.0,846.486,-66.285,0.447
3542,2,3542,87,-8.786,0.57,0.839,65.843,-94.314,58.710,0.122,0.38,0.211,-619.0,9.628,91554.664,846.369,-1479.47,0.3,1.768,3529.0,0.681,3529.0,846.786,-73.518,0.512
3629,2,3629,87,-11.758,0.165,1.485,67.41,-93.642,59.17,0.35,0.64,0.80,-619.0,9.632,91560.359,847.387,-1423.777,0.1,1.911,3616.0,0.588,3616.0,846.883,-70.10,0.907
3716,2,3716,87,-11.54,-1.507,0.459,68.605,-92.809,59.880,0.318,0.159,0.9,-619.0,9.623,91557.31,846.980,-1401.606,0.5,1.660,3703.0,0.78,3703.0,847.397,-75.775,0.280
3804,2,3804,88,-9.145,0.624,0.57,66.837,-92.999,61.254,0.520,0.441,0.121,-619.0,9.628,91556.921,847.397,-1382.971,0.1,1.910,3791.0,0.502,3791.0,847.495,-70.219,0.35
3893,2,3893,89,-9.489,1.213,0.215,66.296,-92.999,59.631,0.198,0.89,0.43,-619.0,9.637,91560.359,846.883,-1352.624,0.12,-7.605,3880.0,0.179,3880.0,846.379,-17.111,0.131
3980,2,3980,87,-9.640,1.823,0.394,65.697,-93.72,58.82,0.398,0.263,0.152,-619.0,9.628,91553.593,846.883,-1323.271,0.9,1.550,3967.0,0.495,3967.0,847.194,-78.924,0.241
4068,2,4068,88,-9.906,0.789,0.0,65.39,-93.189,58.944,0.36,0.283,0.98,-619.0,9.632,91559.70,846.883,-1299.582,0.2,2.255,4055.0,0.43,4055.0,846.990,-64.91,0.0
4155,2,4155,87,-9.884,1.4,0.358,63.680,-93.554,59.17,0.25,0.126,0.133,-619.0,9.637,91553.484,847.301,-1294.274,0.5,2.980,4142.0,0.78,4142.0,846.495,-53.668,0.219
4243,2,4243,88,-10.308,1.83,0.258,61.750,-93.72,59.47,0.182,0.225,0.73,-619.0,9.637,91553.484,846.174,-1268.668,0.6,1.624,4229.0,0.509,4229.0,847.97,-77.336,0.157
4331,2,4331,88,-10.100,1.363,0.215,59.894,-94.416,59.207,0.13,0.181,0.22,-619.0,9.628,91556.812,846.583,-1242.793,0.5,3.17,4318.0,0.71,4318.0,846.593,-52.898,0.131
4420,2,4420,89,-9.891,1.421,0.725,58.652,-94.139,58.857,0.156,0.175,0.7,-619.0,9.651,91555.632,846.796,-1210.530,0.1,1.903,4407.0,0.653,4407.0,846.699,-70.765,0.442
4507,2,4507,87,-8.599,0.272,1.177,59.76,-94.489,57.950,0.275,0.277,0.94,-619.0,9.641,91559.70,847.301,-1183.51,0.1,1.911,4494.0,0.21,4494.0,846.796,-70.199,0.718
4595,2,4595,88,-11.140,0.186,0.459,61.444,-94.387,56.489,0.6,0.154,0.124,-619.0,9.641,91558.960,847.0,-1163.784,0.3,2.430,4582.0,0.459,4582.0,846.495,-60.985,0.280
4682,2,4682,87,-10.171,1.306,0.193,61.20,-95.323,56.50,0.16,0.21,0.182,-619.0,9.641,91559.70,847.87,-1131.621,0.1,1.911,4669.0,0.279,4669.0,846.593,-70.515,0.118
4769,2,4769,87,-9.662,1.177,0.64,61.297,-95.454,55.71,0.20,0.146,0.10,-619.0,9.637,91551.117,846.699,-1101.643,0.0,1.990,4756.0,0.409,4756.0,846.602,-69.438,0.39
4857,2,4857,88,-10.100,1.155,0.459,60.289,-95.936,55.393,0.62,0.54,0.27,-619.0,9.641,91561.210,847.194,-1067.531,0.2,1.830,4844.0,0.366,4844.0,846.807,-72.599,0.280
4960,2,4960,103,-9.877,1.306,0.480,59.748,-95.615,55.203,0.46,0.43,0.185,-619.0,9.623,91560.250,846.883,-1028.344,0.4,3.19,4947.0,0.394,4947.0,846.302,-52.755,0.293
5047,2,5047,87,-9.547,0.516,0.488,59.880,-95.381,55.539,0.130,0.120,0.97,-619.0,9.646,91557.992,847.204,-989.936,0.6,1.628,5034.0,0.488,5034.0,846.893,-76.935,0.298
5135,2,5135,88,-9.863,1.335,0.287,60.552,-95.439,55.495,0.17,0.32,0.8,-619.0,9.646,91556.703,847.407,-951.717,0.6,3.509,5122.0,0.380,5122.0,846.292,-47.15,0.175
5222,2,5222,87,-10.358,2.361,0.14,60.625,-95.30,55.700,0.19,0.220,0.167,-619.0,9.655,91552.195,846.903,-912.60,0.2,1.823,5209.0,0.531,5209.0,846.506,-72.841,0.8
5310,2,5310,88,-9.999,1.134,0.509,61.49,-94.796,55.948,0.14,0.50,0.39,-619.0,9.651,91552.78,847.407,-857.102,0.9,1.553,5296.0,0.732,5296.0,847.311,-78.330,0.311
5398,2,5398,88,-10.49,1.69,0.789,59.997,-95.790,56.50,0.95,0.125,0.73,-619.0,9.660,91555.406,847.214,-773.408,0.7,4.318,5385.0,1.148,5385.0,846.612,-38.655,0.482
5488,2,5488,90,-9.812,0.610,0.703,59.894,-96.141,55.378,0.80,0.140,0.7,-619.0,9.651,91558.843,847.214,-690.389,0.3,1.768,5475.0,0.696,5475.0,846.913,-73.516,0.429
5575,2,5575,87,-10.157,1.4,0.588,60.84,-96.9,54.998,0.48,0.45,0.203,-619.0,9.641,91555.523,846.709,-626.999,0.3,2.430,5562.0,0.760,5562.0,846.612,-60.568,0.359
5662,2,5662,87,-9.762,0.524,0.617,60.333,-95.980,55.159,0.56,0.227,0.311,-619.0,9.660,91559.921,846.913,-583.595,0.5,1.660,5649.0,0.236,5649.0,847.127,-75.879,0.376
5750,2,5750,88,-10.631,2.419,0.373,61.254,-95.659,55.480,0.109,0.274,0.117,-619.0,9.664,91557.664,847.321,-540.323,0.3,2.450,5737.0,0.746,5737.0,846.816,-60.351,0.227
5837,2,5837,87,-9.525,0.258,1.414,59.836,-95.849,56.737,0.0,0.74,0.181,-619.0,9.655,91559.921,847.214,-467.253,0.2,1.830,5824.0,0.933,5824.0,847.20,-72.171,0.863
5924,2,5924,87,-9.992,-2.921,0.545,61.254,-94.928,56.971,0.71,0.128,0.160,-619.0,9.664,91555.406,847.117,-383.567,0.4,2.660,5911.0,0.990,5911.0,846.622,-57.753,0.333
6015,2,6015,91,-10.64,0.588,1.284,61.473,-95.220,56.986,0.1,0.116,0.51,-619.0,9.655,91558.843,846.923,-300.932,0.3,1.763,6002.0,0.825,6002.0,846.933,-73.633,0.784
6102,2,6102,87,-9.891,0.480,0.983,60.654,-94.460,57.497,0.9,0.112,0.56,-619.0,9.664,91553.156,847.330,-215.996,0.4,1.715,6089.0,1.127,6089.0,847.330,-74.494,0.600
6189,2,6189,87,-9.963,0.638,1.277,60.245,-95.103,57.220,0.57,0.58,0.101,-619.0,9.660,91555.406,847.330,-113.262,0.8,4.312,6176.0,1.234,6176.0,846.632,-38.595,0.780
6277,2,6277,88,-10.767,5.75,-7.523,61.180,-94.811,57.395,0.211,0.443,0.249,-619.0,9.664,91557.554,847.20,-39.984,0.0,2.10,6264.0,0.430,6264.0,846.622,-68.312,-4.593
6365,2,6365,88,-9.662,1.241,0.215,59.295,-95.790,54.136,0.57,0.127,0.386,-619.0,9.669,91552.929,846.923,-5.323,0.1,1.904,6351.0,0.366,6351.0,846.730,-70.815,0.131
6451,2,6451,86,-10.365,0.961,0.337,61.166,-93.876,55.480,0.248,0.221,0.172,-619.0,9.669,91554.226,847.437,12.475,0.3,2.430,6438.0,0.43,6438.0,846.429,-61.254,0.206
6542,2,6542,91,-9.848,0.746,0.294,66.603,-92.136,57.59,0.215,0.135,0.325,-619.0,9.674,91556.375,847.30,10.516,0.2,1.829,6529.0,0.86,6529.0,846.632,-71.771,0.179
6629,2,6629,87,-11.708,0.215,-1.127,72.537,-88.482,58.593,0.125,0.310,0.35,-619.0,9.674,91551.859,846.816,8.330,0.1,2.105,6616.0,0.35,6616.0,846.536,-66.631,0.688
6716,2,6716,87,-9.834,0.732,0.488,73.487,-87.167,58.871,0.82,0.520,0.125,-619.0,9.669,91555.187,847.233,46.114,0.6,1.624,6703.0,0.832,6703.0,847.137,-76.793,0.298
6804,2,6804,88,-9.798,0.445,-1.91,77.491,-86.845,55.743,0.388,0.317,0.244,-619.0,9.674,91555.187,846.826,102.20,0.6,3.505,6791.0,0.437,6791.0,846.536,-47.145,0.666
6891,2,6891,87,-11.442,1.428,-2.778,80.532,-88.497,49.64,0.90,0.422,0.132,-619.0,9.674,91555.187,846.826,0.714,0.4,1.732,6878.0,-2.799,6878.0,846.933,-73.804,-1.696
6978,2,6978,87,-12.605,1.938,-4.486,82.797,-89.871,43.130,0.88,0.454,0.40,-619.0,9.674,91558.625,847.233,-185.574,0.2,2.254,6965.0,-1.450,6965.0,846.730,-64.278,-2.739
7069,2,7069,91,-9.360,0.545,-1.895,79.611,-90.207,46.799,0.518,0.773,0.210,-619.0,9.678,91557.445,846.730,-387.425,0.3,1.757,7056.0,-2.986,7056.0,847.50,-73.741,-1.157
7156,2,7156,87,-10.624,1.521,-2.289,76.220,-90.850,50.365,0.530,1.284,0.219,-619.0,9.687,91559.695,846.933,-690.9,0.1,1.911,7143.0,-3.969,7143.0,847.147,-70.476,-1.398
7243,2,7243,87,-10.616,1.55,-1.737,73.531,-91.230,52.148,0.111,0.544,0.30,-619.0,9.687,91555.78,847.147,-949.499,0.3,2.430,7230.0,-1.995,7230.0,846.846,-61.559,-1.60
7331,2,7331,88,-10.322,1.457,-1.270,70.783,-90.821,55.480,0.302,0.475,0.171,-619.0,9.687,91556.148,847.50,-1098.266,0.2,2.240,7318.0,-1.385,7318.0,846.653,-63.899,0.775
7419,2,7419,88,-9.913,1.751,-1.33,69.29,-89.462,59.558,0.504,0.361,0.173,-619.0,9.706,91553.890,847.50,-1196.941,0.9,1.550,7405.0,0.882,7405.0,847.468,-78.381,0.631
7505,2,7505,86,-9.683,0.890,0.897,68.357,-87.211,63.826,0.115,0.295,0.11,-619.0,9.692,91554.859,846.545,-1277.505,0.5,3.17,7492.0,0.969,7492.0,846.963,-53.236,0.547
7596,2,7596,91,-10.121,0.926,0.308,67.275,-86.407,65.594,0.66,0.225,0.3,-619.0,9.697,91556.39,847.361,-1341.849,0.3,2.450,7583.0,0.445,7583.0,846.653,-60.917,0.188
7683,2,7683,87,-10.566,1.399,0.775,66.296,-86.758,66.398,0.153,0.62,0.123,-619.0,9.697,91560.546,847.157,-1391.499,0.1,1.903,7670.0,0.696,7670.0,846.759,-70.920,0.473
7770,2,7770,87,-9.856,1.500,0.445,65.799,-85.954,67.757,0.85,0.100,0.15,-619.0,9.710,91556.39,847.167,-1440.525,0.1,2.106,7757.0,0.430,7757.0,846.662,-66.573,0.271
7858,2,7858,88,-8.140,1.715,-3.215,64.557,-85.822,68.561,0.18,0.12,0.63,-619.0,9.710,91558.187,847.274,-1474.637,0.2,2.241,7845.0,0.344,7845.0,846.468,-64.481,-1.963
7945,2,7945,87,-9.956,1.127,0.373,64.162,-85.925,68.737,0.35,0.41,0.54,-619.0,9.720,91553.671,846.973,-1508.361,0.3,2.428,7932.0,0.430,7932.0,846.168,-61.254,0.227
8032,2,8032,87,-9.698,1.543,0.222,63.709,-86.188,69.29,0.18,0.76,0.3,-619.0,9.724,91560.328,847.381,-1536.465,0.2,1.824,8019.0,0.215,8019.0,846.381,-72.81,0.135
8123,2,8123,91,-10.179,0.890,0.552,62.730,-86.655,69.482,0.15,0.71,0.62,-619.0,9.724,91560.328,846.876,-1566.841,0.10,1.522,8110.0,0.452,8110.0,847.293,-79.580,0.337
8210,2,8210,87,-9.870,1.385,0.387,63.621,-86.363,68.532,0.19,0.80,0.0,-619.0,9.729,91553.562,846.779,-1610.245,0.3,2.429,8197.0,0.545,8197.0,846.993,-61.41,0.236
8297,2,8297,87,-9.877,1.643,0.186,62.861,-86.714,68.313,0.14,0.54,0.55,-619.0,9.729,91559.31,847.4,-1642.408,0.4,2.688,8284.0,0.193,8284.0,846.585,-57.389,0.113
8384,2,8384,87,-10.372,1.4,0.674,64.89,-86.232,69.321,0.9,0.33,0.83,-619.0,9.733,91553.335,846.489,-1668.14,0.0,2.95,8371.0,0.394,8371.0,846.499,-66.968,0.412
8473,2,8473,89,-9.834,0.983,0.459,64.922,-85.735,69.161,0.25,0.79,0.37,-619.0,9.747,91562.250,847.314,-1691.387,0.2,2.256,8459.0,0.136,8459.0,846.295,-64.394,0.280
8559,2,8559,86,-9.949,1.177,0.308,64.469,-85.822,68.591,0.3,0.20,0.42,-619.0,9.747,91556.554,846.508,-1708.249,0.6,1.655,8546.0,0.251,8546.0,846.819,-76.296,0.188
8648,2,8648,89,-9.942,1.536,0.437,63.548,-86.568,68.751,0.97,0.48,0.109,-587.0,9.756,91558.703,846.906,-1746.582,0.2,2.239,8635.0,0.610,8635.0,846.626,-64.776,0.267
8736,2,8736,88,-10.6,1.471,0.279,63.7,-87.869,67.816,0.81,0.71,0.73,-619.0,9.766,91558.703,846.626,-1784.800,0.8,4.556,8723.0,0.258,8723.0,845.907,-37.88,0.170
8823,2,8823,87,-9.927,1.457,0.358,62.949,-87.225,67.772,0.34,0.2,0.69,-619.0,9.766,91559.773,846.218,-1801.663,0.11,1.492,8810.0,0.129,8810.0,846.937,-80.309,0.219
8910,2,8910,87,-9.784,1.529,0.430,62.437,-86.948,67.889,0.27,0.19,0.10,-619.0,9.770,91558.585,847.432,-1823.521,0.10,11.285,8897.0,0.373,8897.0,846.34,-1.651,0.262
8998,2,8998,88,-9.949,1.464,0.351,62.861,-87.489,67.845,0.6,0.18,0.17,-619.0,9.775,91561.914,847.140,-1861.423,0.9,1.553,8985.0,0.488,8985.0,846.840,-78.761,0.214
9085,2,9085,87,-10.114,1.306,0.409,62.832,-87.372,67.494,0.58,0.43,0.35,-587.0,9.779,91560.843,847.150,-1892.962,0.3,1.763,9072.0,0.236,9072.0,847.150,-73.746,0.249
9178,2,9178,93,-9.827,1.543,0.330,61.473,-87.912,67.655,0.20,0.18,0.58,-587.0,9.779,91558.585,845.724,-1915.994,0.13,-3.686,9165.0,0.258,9165.0,845.937,-45.89,0.201
9267,2,9267,89,-9.647,1.579,0.251,61.341,-88.102,66.822,0.31,0.18,0.27,-619.0,9.779,91555.148,846.829,-1941.230,0.3,1.768,9254.0,0.308,9254.0,846.238,-73.820,0.153
9354,2,9354,87,-9.956,1.636,0.624,61.590,-87.693,66.413,0.2,0.20,0.0,-619.0,9.784,91556.218,846.733,-1977.140,0.1,1.911,9341.0,0.516,9341.0,846.335,-70.799,0.381
9441,2,9441,87,-8.255,0.143,3.754,61.648,-88.146,67.684,0.17,0.49,0.30,-619.0,9.775,91562.992,846.946,-2013.363,0.0,1.990,9428.0,0.315,9428.0,846.345,-69.442,2.292
9530,2,9530,89,-10.85,1.478,0.524,62.277,-87.649,66.413,0.37,0.50,0.10,-587.0,9.779,91553.968,847.140,-2051.897,0.3,1.768,9516.0,0.559,9516.0,846.645,-73.216,0.319
9616,2,9616,86,-9.734,1.607,0.380,62.247,-87.869,66.252,0.15,0.34,0.5,-619.0,9.784,91559.546,846.636,-2092.803,0.0,2.0,9603.0,0.380,9603.0,846.645,-69.44,0.232
9717,2,9717,101,-9.820,1.543,0.423,62.744,-88.73,66.471,0.17,0.38,0.0,-619.0,9.766,91555.257,846.325,-2138.480,0.0,2.106,9704.0,0.524,9704.0,846.549,-67.29,0.258
9805,2,9805,88,-10.85,1.679,0.409,63.168,-88.249,66.208,0.9,0.40,0.33,-619.0,9.775,91557.406,847.44,-2179.856,0.0,1.920,9792.0,0.416,9792.0,846.636,-70.729,0.249
9892,2,9892,87,-9.877,1.550,0.459,62.43,-88.643,66.33,0.15,0.32,0.15,-619.0,9.789,91560.734,846.733,-2219.826,0.1,1.902,9879.0,0.502,9879.0,846.743,-70.887,0.280
9979,2,9979,87,-10.57,1.392,0.480,62.145,-88.190,66.281,0.0,0.27,0.14,-619.0,9.779,91560.734,847.150,-2259.796,0.0,2.0,9966.0,0.416,9966.0,846.743,-68.745,0.293
10067,2,10067,88,-9.705,1.493,0.394,62.949,-88.190,65.974,0.21,0.49,0.72,-619.0,9.784,91559.546,846.743,-2299.593,0.4,2.662,10054.0,0.488,10054.0,846.345,-57.629,0.241
10154,2,10154,87,-10.164,1.572,0.638,63.519,-87.898,65.989,0.13,0.36,0.7,-619.0,9.779,91558.367,846.743,-2345.808,0.6,1.624,10141.0,0.574,10141.0,846.946,-77.24,0.390
10244,2,10244,90,-9.719,1.665,0.244,63.344,-87.489,66.968,0.37,0.69,0.34,-587.0,9.779,91557.296,846.946,-2389.94,0.7,4.312,10231.0,0.387,10231.0,846.248,-38.592,0.149
10331,2,10331,87,-10.121,1.363,0.473,63.227,-87.152,66.764,0.29,0.74,0.43,-619.0,9.793,91555.39,846.248,-2418.760,0.4,1.710,10318.0,0.294,10318.0,846.656,-74.509,0.289
10419,2,10419,88,-9.662,1.356,0.373,63.7,-88.512,66.954,0.63,0.5,0.1,-619.0,9.798,91559.437,847.568,-2452.556,0.4,1.710,10406.0,0.473,10406.0,847.64,-75.103,0.227
10506,2,10506,87,-9.985,1.464,0.380,63.621,-88.614,66.354,0.30,0.26,0.7,-619.0,9.798,91561.578,846.559,-2496.585,0.5,3.17,10493.0,0.538,10493.0,846.559,-53.360,0.232
10594,2,10594,88,-10.42,1.514,0.602,64.323,-88.351,66.501,0.4,0.47,0.28,-619.0,9.802,91550.414,846.151,-2547.484,0.1,2.108,10580.0,0.631,10580.0,846.462,-67.294,0.368
10682,2,10682,88,-10.6,1.378,0.588,64.367,-88.175,66.194,0.38,0.26,0.9,-619.0,9.798,91556.0,846.462,-2597.956,0.10,1.522,10669.0,0.502,10669.0,847.375,-79.312,0.359
10771,2,10771,89,-9.856,1.507,0.466,63.256,-88.175,65.551,0.45,0.32,0.1,-619.0,9.802,91560.507,846.967,-2633.414,0.9,6.145,10758.0,0.294,10758.0,846.569,-25.524,0.284
10858,2,10858,87,-10.157,1.184,0.775,63.914,-89.9,65.726,0.29,0.42,0.9,-587.0,9.793,91556.0,847.268,-2674.945,0.1,1.911,10845.0,0.660,10845.0,846.666,-70.278,0.473
10946,2,10946,88,-9.884,1.478,0.409,63.899,-88.760,65.419,0.13,0.3,0.21,-587.0,9.807,91558.250,846.559,-2722.7,0.2,1.830,10933.0,0.409,10933.0,846.870,-72.778,0.249
11033,2,11033,87,-10.308,3.797,-11.155,65.141,-88.585,66.179,0.28,0.41,0.52,-619.0,9.816,91561.578,847.171,-2913.424,0.2,2.241,11020.0,-3.991,11020.0,846.675,-64.705,-6.811
11120,2,11120,87,-9.820,1.292,0.480,66.47,-87.912,65.536,0.26,0.64,0.97,-587.0,9.802,91552.554,846.870,-3116.83,0.1,1.910,11107.0,0.667,11107.0,846.773,-70.184,0.293
11208,2,11208,88,-10.135,1.198,0.524,66.281,-87.620,66.208,0.26,0.174,0.28,-587.0,9.812,91560.398,846.462,-3173.568,0.1,1.903,11195.0,0.638,11195.0,846.880,-71.239,0.319
11297,2,11297,89,-10.222,1.234,0.495,64.337,-88.365,66.632,0.82,0.181,0.26,-587.0,9.802,91560.398,846.773,-3228.512,0.4,1.710,11284.0,0.595,11284.0,847.288,-75.518,0.302
11384,2,11384,87,-9.949,1.457,0.193,65.477,-87.211,67.509,0.178,0.61,0.186,-587.0,9.816,91554.812,846.870,-3264.735,0.13,-3.686,11371.0,0.236,11371.0,846.75,-45.579,0.118
11473,2,11473,89,-9.698,1.349,0.337,65.741,-87.6,67.670,0.97,0.131,0.92,-587.0,9.812,91559.210,846.473,-3287.415,0.10,1.525,11460.0,0.272,11460.0,846.977,-79.339,0.206
11560,2,11560,87,-9.913,1.119,0.524,63.724,-88.263,67.304,0.0,0.26,0.29,-619.0,9.812,91557.70,847.492,-3318.642,0.2,2.239,11547.0,0.445,11547.0,846.784,-64.426,0.319
11648,2,11648,88,-10.164,1.579,0.179,65.258,-88.380,67.553,0.125,0.71,0.303,-587.0,9.816,91553.632,847.385,-3337.65,0.0,2.0,11634.0,0.21,11634.0,846.784,-69.137,0.109
11736,2,11736,88,-9.375,1.572,0.602,66.33,-86.115,68.167,0.55,0.58,0.25,-587.0,9.816,91554.703,846.675,-3362.301,0.0,2.0,11723.0,0.588,11723.0,846.784,-69.325,0.368
11830,2,11830,94,-9.906,0.739,0.251,66.135,-87.65,68.94,0.120,0.28,0.114,-587.0,9.812,91559.210,846.977,-3409.873,0.7,4.436,11817.0,0.423,11817.0,846.75,-38.178,0.153
11917,2,11917,87,-9.863,1.227,0.14,64.30,-87.591,68.79,0.20,0.174,0.13,-587.0,9.816,91553.632,846.579,-3422.988,0.3,1.762,11904.0,0.122,11904.0,846.386,-74.31,0.8
12005,2,12005,88,-9.856,1.241,0.258,62.832,-87.810,67.962,0.3,0.125,0.21,-619.0,9.821,91556.843,847.84,-3431.200,0.2,2.256,11992.0,0.308,11992.0,846.182,-64.31,0.157
12092,2,12092,87,-9.899,1.213,0.172,63.592,-87.664,68.108,0.18,0.81,0.71,-587.0,9.830,91558.31,847.502,-3448.687,0.5,1.664,12079.0,0.93,12079.0,846.686,-76.243,0.105
12179,2,12179,87,-9.963,1.213,0.315,64.557,-87.445,68.79,0.8,0.6,0.35,-587.0,9.825,91552.335,846.891,-3461.489,0.1,2.107,12166.0,0.200,12166.0,846.589,-66.371,0.192
12267,2,12267,88,-9.956,1.256,0.122,64.542,-87.401,67.889,0.36,0.46,0.6,-619.0,9.821,91556.843,846.891,-3480.441,0.6,1.620,12254.0,0.229,12254.0,847.202,-77.402,0.74
12357,2,12357,90,-9.942,1.177,0.294,63.724,-87.459,67.641,0.7,0.54,0.9,-587.0,9.816,91555.773,846.579,-3504.22,0.8,6.160,12344.0,0.294,12344.0,846.395,-25.13,0.179
12444,2,12444,87,-10.13,1.48,0.236,64.688,-87.357,67.611,0.0,0.15,0.36,-587.0,9.825,91554.585,847.94,-3525.256,0.10,1.522,12431.0,0.193,12431.0,847.308,-80.210,0.144
12532,2,12532,88,-9.970,1.205,0.215,64.323,-87.372,67.246,0.29,0.38,0.6,-587.0,9.839,91554.476,846.686,-3540.101,0.2,2.255,12519.0,0.143,12519.0,847.105,-63.226,0.131
12619,2,12619,87,-11.980,1.141,-4.694,64.484,-88.15,67.904,0.18,0.17,0.18,-587.0,9.835,91557.914,847.298,-3220.968,0.3,2.430,12606.0,7.479,12606.0,846.804,-61.127,-2.866
12707,2,12707,88,-10.6,1.26,0.229,64.264,-87.927,66.530,0.45,0.79,0.16,-587.0,9.839,91552.218,846.998,-2910.266,0.3,2.410,12693.0,0.337,12693.0,846.513,-61.353,0.140
12795,2,12795,88,-9.970,1.205,0.186,64.191,-87.664,66.471,0.43,0.104,0.17,-619.0,9.839,91558.875,846.706,-2933.904,0.6,1.628,12782.0,0.193,12782.0,847.105,-76.993,0.113
12884,2,12884,89,-10.64,1.306,0.301,63.7,-87.752,66.267,0.21,0.50,0.9,-587.0,9.830,91557.804,847.512,-2958.182,0.9,6.145,12871.0,0.351,12871.0,846.299,-24.990,0.184
12971,2,12971,87,-10.250,1.270,0.86,64.147,-88.541,66.895,0.19,0.27,0.3,-587.0,9.848,91552.218,847.415,-2982.226,0.5,1.660,12958.0,0.200,12958.0,846.814,-76.434,0.52
13059,2,13059,88,-9.468,0.323,0.57,64.235,-87.489,66.778,0.305,0.121,0.445,-587.0,9.848,91557.695,847.405,-3004.652,0.5,3.19,13046.0,0.308,13046.0,846.309,-52.495,0.35
13146,2,13146,87,-9.956,1.148,0.78,66.340,-88.219,64.294,0.100,0.25,0.28,-587.0,9.848,91554.367,847.222,-3028.71,0.3,1.762,13133.0,0.229,13133.0,846.620,-73.304,0.48
13233,2,13233,87,-9.583,1.500,0.279,64.557,-89.827,64.381,0.66,0.67,0.20,-587.0,9.853,91554.367,846.609,-3036.815,0.3,1.774,13220.0,0.28,13220.0,846.910,-73.938,0.170
13321,2,13321,88,-9.791,1.184,0.129,64.688,-89.345,63.826,0.7,0.59,0.55,-587.0,9.853,91549.851,847.833,-3046.290,0.0,2.95,13308.0,0.244,13308.0,846.823,-66.990,0.78
13415,2,13415,94,-10.250,1.4,0.574,65.448,-90.280,63.95,0.149,0.8,0.51,-587.0,9.844,91559.953,847.114,-3084.78,0.3,1.768,13402.0,0.559,13402.0,847.124,-73.880,0.350
13502,2,13502,87,-10.28,1.55,0.330,65.112,-90.587,62.408,0.13,0.114,0.14,-587.0,9.858,91556.507,847.18,-3134.352,0.10,12.377,13489.0,0.595,13489.0,846.212,2.419,0.201
13591,2,13591,89,-10.121,1.435,0.423,64.790,-90.470,63.402,0.358,0.116,0.62,-587.0,9.848,91555.328,847.415,-3158.630,0.4,1.710,13578.0,0.50,13578.0,846.620,-74.564,0.258
13678,2,13678,87,-10.100,1.464,0.660,64.557,-89.769,64.454,0.85,0.30,0.129,-587.0,9.848,91549.742,847.28,-3187.46,0.1,1.903,13665.0,0.703,13665.0,846.726,-70.818,0.403
13766,2,13766,88,-9.956,0.969,0.330,65.974,-89.257,64.600,0.3,0.58,0.117,-587.0,9.858,91557.578,846.523,-3244.502,0.1,1.911,13752.0,0.617,13752.0,846.823,-70.247,0.201
13854,2,13854,88,-10.107,0.574,0.775,65.317,-88.541,64.527,0.127,0.252,0.16,-587.0,9.858,91557.578,846.823,-3299.766,0.8,1.581,13841.0,0.624,13841.0,847.542,-77.900,0.473
13948,2,13948,94,-10.28,1.450,0.222,64.177,-88.819,65.375,0.17,0.39,0.57,-587.0,9.858,91558.656,847.28,-3346.325,0.6,3.576,13935.0,0.366,13935.0,846.930,-46.510,0.135
14035,2,14035,87,-10.92,0.990,0.351,65.697,-87.649,65.302,0.162,0.30,0.335,-587.0,9.862,91558.765,847.649,-3382.860,0.7,1.620,14022.0,0.473,14022.0,847.542,-76.553,0.214
14123,2,14123,88,-9.748,1.98,0.358,71.324,-86.173,63.183,0.133,0.177,0.456,-587.0,9.867,91557.468,846.630,-3421.710,0.10,12.377,14110.0,0.409,14110.0,846.630,2.332,0.219
14210,2,14210,87,-10.660,1.241,0.768,72.11,-86.115,62.379,0.47,0.187,0.19,-619.0,9.871,91555.210,847.542,-3858.254,0.3,2.430,14197.0,-9.626,14197.0,846.329,-60.808,0.468
14297,2,14297,87,-9.762,0.165,0.574,72.347,-85.48,63.490,0.19,0.107,0.73,-587.0,9.862,91555.101,847.38,-4302.292,0.7,1.620,14284.0,0.581,14284.0,846.941,-76.432,0.350
14384,2,14384,87,-9.834,0.423,0.14,72.537,-83.498,63.607,0.67,0.80,0.10,-587.0,9.867,91559.726,846.329,-4334.144,0.7,3.572,14371.0,0.150,14371.0,846.329,-46.229,0.8
14475,2,14475,91,-8.700,0.452,0.244,72.40,-83.995,63.124,0.14,0.135,0.135,-587.0,9.881,91551.773,847.38,-4345.575,0.5,1.660,14462.0,0.100,14462.0,846.844,-76.411,0.149
14562,2,14562,87,-9.870,0.466,0.703,74.378,-84.302,61.838,0.64,0.191,0.305,-587.0,9.871,91564.234,847.135,-4375.865,0.0,2.0,14549.0,0.595,14549.0,846.844,-69.383,0.429
14649,2,14649,87,-10.222,0.545,0.954,76.322,-82.782,60.771,0.133,0.348,0.243,-587.0,9.867,91558.539,846.834,-4444.250,0.1,1.911,14636.0,0.976,14636.0,846.941,-70.425,0.582
14737,2,14737,88,-11.722,0.746,0.854,83.338,-81.365,56.810,0.54,0.547,0.223,-587.0,9.871,91550.703,846.941,-4531.742,0.1,2.119,14724.0,-1.12,14724.0,846.834,-66.516,0.521
14825,2,14825,88,-10.71,0.64,-1.722,85.267,-81.58,54.837,0.157,0.110,0.0,-587.0,9.867,91549.625,847.38,-4636.350,0.0,1.990,14811.0,-1.392,14811.0,846.844,-69.384,-1.51
14911,2,14911,86,-10.315,0.538,-1.564,83.747,-82.198,53.639,0.279,0.140,0.44,-587.0,9.876,91554.31,846.930,-4765.939,0.1,1.911,14898.0,-1.586,14898.0,846.941,-70.425,0.955
15002,2,15002,91,-10.200,0.7,-1.873,82.885,-83.133,53.69,0.26,0.171,0.7,-587.0,9.862,91557.468,846.620,-4912.592,0.2,2.254,14989.0,-1.636,14989.0,846.738,-64.421,-1.144
15089,2,15089,87,-10.652,0.136,-1.866,83.338,-83.162,52.236,0.0,0.29,0.55,-587.0,9.862,91558.656,847.135,-5056.545,0.1,1.911,15076.0,-1.672,15076.0,846.834,-70.528,-1.139
15176,2,15176,87,-10.516,0.114,-1.299,83.747,-82.95,51.403,0.91,0.191,0.93,-587.0,9.853,91558.539,847.339,-5208.618,0.1,2.106,15163.0,-1.823,15163.0,846.738,-67.65,0.793
15264,2,15264,88,-9.253,0.122,-1.988,83.2,-82.826,51.227,0.92,0.45,0.114,-587.0,9.853,91554.31,846.222,-5369.71,0.0,2.0,15251.0,-1.823,15251.0,846.738,-68.169,-1.214
15351,2,15351,87,-9.224,0.308,-2.426,82.651,-82.519,51.446,0.93,0.33,0.30,-587.0,9.858,91555.210,847.445,-5551.745,0.0,2.0,15338.0,-2.376,15338.0,846.738,-68.277,-1.481
15438,2,15438,87,-9.360,0.452,-2.476,81.628,-82.578,53.98,0.48,0.182,0.70,-587.0,9.871,91547.367,846.726,-5739.727,0.4,2.662,15425.0,-1.945,15425.0,846.339,-57.670,-1.512
15529,2,15529,91,-9.410,0.409,-2.182,81.555,-82.373,53.800,0.31,0.144,0.50,-587.0,9.862,91554.31,846.941,-5905.650,0.6,1.624,15516.0,-1.701,15516.0,846.941,-76.665,-1.332
15616,2,15616,87,-9.418,0.215,-1.385,80.254,-81.569,55.890,0.4,0.91,0.8,-587.0,9.862,91559.609,846.941,-6064.280,0.6,3.509,15603.0,-1.945,15603.0,846.339,-46.216,0.845
15703,2,15703,87,-9.604,0.351,-1.205,80.268,-81.540,56.387,0.62,0.89,0.13,-587.0,9.867,91551.773,847.145,-6206.48,0.11,1.495,15690.0,-1.313,15690.0,847.359,-79.460,0.736
15792,2,15792,89,-9.389,0.387,-3.259,79.903,-82.154,55.173,0.78,0.113,0.29,-587.0,9.876,91551.656,847.457,-6612.697,0.9,6.131,15779.0,-7.824,15779.0,846.554,-24.944,-1.989
15880,2,15880,88,-9.863,0.488,-1.514,79.494,-82.110,55.71,0.62,0.185,0.165,-587.0,9.871,91554.31,847.359,-7033.4,0.3,1.768,15866.0,-1.837,15866.0,846.855,-73.643,0.924
15966,2,15966,86,-10.473,0.423,-1.916,78.383,-82.695,55.115,0.8,0.110,0.70,-587.0,9.881,91558.312,847.359,-7169.775,0.7,1.620,15953.0,-1.306,15953.0,847.466,-76.142,-1.170
16062,2,16062,96,-10.494,0.559,-1.593,77.681,-82.432,56.796,0.3,0.95,0.74,-587.0,9.876,91561.757,847.155,-7313.115,0.7,4.318,16049.0,-1.679,16049.0,846.768,-38.964,0.973
16149,2,16149,87,-9.705,0.940,-1.643,77.813,-81.701,57.322,0.189,0.110,0.14,-587.0,9.885,91562.937,847.58,-7467.686,0.5,1.669,16136.0,-1.873,16136.0,847.262,-75.797,-1.3
16236,2,16236,87,-10.157,0.495,-1.651,78.310,-81.788,56.562,0.96,0.67,0.108,-587.0,9.890,91553.804,847.466,-7612.264,0.6,3.512,16223.0,-1.450,16223.0,846.660,-46.982,-1.8
16324,2,16324,88,-8.915,0.552,-1.328,77.404,-82.475,55.875,0.27,0.116,0.59,-587.0,9.885,91554.875,847.68,-7739.236,0.6,1.620,16311.0,-1.435,16311.0,847.273,-77.35,0.810
16411,2,16411,87,-8.994,0.610,-2.31,77.375,-83.177,56.650,0.137,0.89,0.23,-587.0,9.890,91558.203,847.165,-7881.628,0.10,12.513,16398.0,-1.837,16398.0,846.359,2.687,-1.240
16498,2,16498,87,-9.899,0.545,-1.679,78.471,-82.622,58.944,0.141,0.112,0.28,-587.0,9.890,91557.132,847.68,-8029.641,0.9,1.550,16485.0,-1.564,16485.0,847.175,-78.244,-1.25
16596,2,16596,98,-10.171,0.624,0.947,79.304,-81.28,60.157,0.42,0.111,0.7,-587.0,9.881,91556.62,847.863,-8152.752,0.4,2.688,16583.0,0.947,16583.0,846.768,-57.166,0.578
16683,2,16683,87,-10.724,0.459,-1.184,81.701,-80.853,60.40,0.5,0.76,0.34,-587.0,9.885,91557.132,847.155,-8251.115,0.4,2.689,16670.0,-1.313,16670.0,846.359,-57.146,0.723
16770,2,16770,87,-10.667,0.344,-1.507,80.838,-80.692,60.230,0.105,0.103,0.106,-587.0,9.899,91549.398,846.961,-8388.510,0.7,1.620,16757.0,-1.844,16757.0,846.972,-76.634,0.920
16858,2,16858,88,-10.573,0.265,-1.959,81.350,-80.458,60.625,0.180,0.63,0.49,-587.0,9.894,91559.390,847.165,-8565.387,0.3,2.431,16845.0,-2.175,16845.0,846.671,-60.769,-1.196
16946,2,16946,88,-10.13,0.129,-2.189,81.540,-80.736,60.815,0.16,0.158,0.211,-587.0,9.894,91561.640,847.767,-8746.500,0.1,1.903,16932.0,-1.988,16932.0,846.778,-70.785,-1.336
17032,2,17032,86,-8.657,0.574,-1.356,81.978,-79.275,61.444,0.42,0.21,0.81,-587.0,9.885,91552.734,847.369,-8891.702,0.0,2.0,17019.0,-1.349,17019.0,846.778,-68.454,0.828
17123,2,17123,91,-8.829,0.265,-1.464,82.8,-79.552,61.341,0.80,0.13,0.58,-587.0,9.881,91551.656,846.951,-9019.83,0.0,1.920,17110.0,-1.450,17110.0,846.864,-70.253,0.894
17210,2,17210,87,-9.432,0.251,-1.227,83.849,-78.471,60.757,0.32,0.106,0.29,-587.0,9.894,91558.312,846.855,-9142.740,0.1,1.911,17197.0,-1.392,17197.0,846.961,-70.212,0.749
17297,2,17297,87,-10.308,0.258,-1.744,85.223,-77.945,59.923,0.64,0.60,0.127,-587.0,9.894,91557.242,847.262,-9298.247,0.6,3.509,17284.0,-2.182,17284.0,846.359,-47.129,-1.65
17385,2,17385,88,-8.492,0.366,-2.390,84.726,-78.266,59.807,0.90,0.43,0.84,-587.0,9.881,91555.945,847.778,-9448.592,0.2,1.830,17372.0,-1.234,17372.0,846.564,-71.796,-1.459
17472,2,17472,87,-9.475,0.330,-2.411,86.655,-77.301,60.333,0.83,0.71,0.2,-587.0,9.890,91555.945,846.768,-9590.672,0.7,1.620,17459.0,-2.31,17459.0,847.175,-77.440,-1.472
17559,2,17559,87,-9.949,0.452,-1.198,85.808,-75.197,61.634,0.27,0.192,0.173,-587.0,9.894,91552.617,847.68,-9739.622,0.7,3.576,17546.0,-1.392,17546.0,846.564,-45.58,0.731
17654,2,17654,95,-8.764,0.323,0.839,85.881,-76.278,61.20,0.194,0.34,0.33,-587.0,9.881,91552.617,846.864,-9848.52,0.2,1.830,17641.0,0.890,17641.0,846.768,-72.9,0.512
17741,2,17741,87,-8.535,0.933,-1.880,88.234,-76.205,58.213,0.64,0.0,0.135,-587.0,9.894,91555.835,847.165,-10005.433,0.4,1.710,17728.0,-2.727,17728.0,847.175,-74.428,-1.148
17828,2,17828,87,-7.544,0.358,-2.368,89.681,-75.957,56.357,0.384,0.796,0.505,-587.0,9.890,91551.429,847.78,-10270.857,0.5,2.978,17815.0,-3.373,17815.0,846.681,-53.688,-1.446
17917,2,17917,89,-9.920,0.114,-2.871,95.907,-71.996,54.676,0.225,0.803,0.312,-587.0,9.899,91554.757,846.874,-10562.507,0.1,1.911,17904.0,-3.180,17904.0,846.778,-70.202,-1.753
18005,2,18005,88,-8.542,0.473,-2.943,104.253,-66.18,47.909,0.25,-1.845,0.160,-587.0,9.917,91554.648,847.594,-10843.544,0.2,2.239,17991.0,-3.280,17991.0,846.584,-64.52,-1.797
18091,2,18091,86,-9.253,0.358,-4.113,107.176,-66.311,39.827,0.26,0.301,0.198,-587.0,9.917,91552.281,846.885,-11157.681,0.5,1.660,18078.0,-3.940,18078.0,847.99,-75.577,-2.511
18187,2,18187,96,-11.930,0.193,-5.548,118.298,-59.222,33.323,0.23,0.28,0.642,-587.0,9.908,91555.609,847.603,-11557.378,0.1,2.106,18174.0,-4.386,18174.0,847.2,-66.606,-3.388
18274,2,18274,87,-9.339,0.567,-4.601,116.851,-59.310,34.98,0.147,0.82,0.345,-587.0,9.927,91549.906,846.508,-11956.451,0.1,1.911,18261.0,-4.788,18261.0,847.99,-70.892,-2.809
18361,2,18361,87,-9.705,0.811,-4.752,111.560,-64.162,34.25,0.504,0.473,-1.373,-587.0,9.945,91551.937,847.13,-12371.136,0.3,1.757,18348.0,-4.744,18348.0,847.420,-74.168,-2.901
18449,2,18449,88,-7.228,0.768,-5.484,99.809,-73.341,36.27,0.121,0.111,-1.55,-587.0,9.940,91555.382,847.323,-12807.13,0.0,2.94,18436.0,-5.161,18436.0,847.334,-66.823,-3.348
18536,2,18536,87,-8.542,1.887,-4.479,97.208,-76.483,32.373,0.102,0.8,0.141,-587.0,9.940,91554.195,847.23,-13232.316,0.8,4.318,18523.0,-4.615,18523.0,846.635,-38.899,-2.735
18623,2,18623,87,-8.556,2.519,-4.666,95.746,-77.316,32.110,0.5,0.216,0.49,-587.0,9.950,91559.781,847.33,-13655.745,0.3,1.769,18610.0,-5.118,18610.0,846.935,-72.965,-2.849
18714,2,18714,91,-7.932,1.923,-5.146,96.287,-76.790,32.212,0.102,0.54,0.259,-587.0,9.950,91553.7,846.839,-14107.460,0.3,1.762,18701.0,-4.809,18701.0,847.247,-73.922,-3.142
18801,2,18801,87,-8.973,1.837,-5.276,97.588,-76.74,32.271,0.106,0.259,0.133,-587.0,9.954,91553.968,847.655,-14549.938,0.4,2.659,18788.0,-5.362,18788.0,846.850,-57.843,-3.221
18888,2,18888,87,-8.700,1.859,-4.996,97.836,-76.585,34.25,0.12,0.97,0.19,-587.0,9.968,91560.742,847.150,-15003.344,0.7,1.620,18875.0,-5.60,18875.0,847.462,-77.491,-3.50
18976,2,18976,88,-8.563,2.60,-4.831,97.676,-76.688,31.569,0.142,0.138,0.18,-587.0,9.973,91559.554,846.946,-15456.909,0.6,3.576,18963.0,-5.247,18963.0,846.850,-46.111,-2.949
19064,2,19064,88,-8.886,1.622,-5.96,100.204,-76.688,32.461,0.173,0.6,0.180,-587.0,9.968,91551.601,847.462,-15906.255,0.0,1.990,19050.0,-5.82,19050.0,846.859,-68.982,-3.112
19150,2,19150,86,-8.980,1.643,-5.10,101.914,-76.74,33.192,0.58,0.114,0.94,-587.0,9.968,91559.437,846.753,-16351.855,0.1,1.911,19137.0,-5.161,19137.0,846.956,-70.958,-3.59
19241,2,19241,91,-8.764,1.435,-5.204,103.478,-75.665,34.522,0.44,0.142,0.168,-587.0,9.968,91556.109,847.150,-16817.289,0.1,2.106,19228.0,-5.67,19228.0,846.859,-67.72,-3.177
19328,2,19328,87,-8.269,1.450,-4.759,104.954,-76.161,33.703,0.40,0.45,0.49,-587.0,9.973,91554.929,847.160,-17253.833,0.2,1.830,19315.0,-4.967,19315.0,847.64,-71.926,-2.906
19416,2,19416,88,-9.468,1.134,-5.771,107.380,-76.351,33.148,0.29,0.158,0.9,-587.0,9.991,91556.0,847.268,-17709.925,0.2,2.240,19403.0,-5.398,19403.0,846.870,-64.886,-3.524
19503,2,19503,87,-8.592,1.184,-5.39,107.556,-76.658,32.651,0.64,0.130,0.104,-587.0,9.991,91557.70,847.180,-18164.892,0.3,2.430,19490.0,-5.60,19490.0,846.569,-61.211,-3.76
19590,2,19590,87,-8.405,1.220,-5.434,109.529,-77.24,31.379,0.44,0.0,0.51,-587.0,9.986,91558.140,846.773,-18620.484,0.1,1.903,19577.0,-5.412,19577.0,846.675,-70.904,-3.318
19678,2,19678,88,-8.456,1.507,-4.859,109.982,-77.404,30.561,0.58,0.157,0.145,-587.0,9.982,91554.703,847.180,-19070.257,0.2,1.830,19665.0,-4.809,19665.0,846.880,-71.820,-2.967
19767,2,19767,89,-9.332,1.722,-5.570,112.320,-77.959,29.318,0.94,0.249,0.259,-587.0,9.996,91553.625,847.278,-19520.351,0.5,3.17,19754.0,-5.304,19754.0,846.375,-52.995,-3.401
19854,2,19854,87,-8.240,0.258,-6.173,113.767,-77.667,25.577,0.145,0.442,0.242,-587.0,9.996,91552.445,846.967,-20013.103,0.8,1.581,19841.0,-6.22,19841.0,847.95,-77.801,-3.769
19943,2,19943,89,-7.802,0.760,-5.663,113.387,-78.631,23.268,0.69,0.58,0.13,-587.0,10.9,91551.257,847.288,-20533.474,0.4,2.690,19930.0,-5.670,19930.0,846.686,-57.50,-3.458
20030,2,20030,87,-7.573,1.464,-5.678,115.682,-79.245,20.67,0.222,0.540,0.242,-587.0,10.5,91559.101,847.395,-21009.675,0.2,1.830,20017.0,-5.276,20017.0,846.891,-72.326,-3.467
20118,2,20118,88,-8.398,0.437,-6.769,122.391,-80.575,15.799,0.50,0.55,0.209,-587.0,10.9,91550.70,846.911,-21507.736,0.0,1.989,20104.0,-6.173,20104.0,846.901,-69.579,-4.133
20206,2,20206,88,-8.183,0.394,-7.329,122.741,-88.643,16.311,0.525,0.267,0.70,-587.0,10.28,91557.796,847.717,-22099.341,0.2,2.256,20193.0,-7.121,20193.0,846.697,-63.970,-4.475
20300,2,20300,94,-7.192,0.538,-6.525,123.194,-91.449,13.577,0.213,0.149,0.76,-587.0,10.14,91555.656,846.998,-22740.41,0.0,1.990,20287.0,-6.510,20287.0,846.707,-68.656,-3.984
20387,2,20387,87,-7.171,0.696,-6.855,125.299,-91.888,13.168,0.252,0.30,0.70,-587.0,10.19,91557.796,846.794,-23310.546,0.0,2.0,20374.0,-6.604,20374.0,846.707,-69.361,-4.185
20475,2,20475,88,-7.903,0.689,-6.719,125.840,-94.548,12.218,0.239,0.157,0.288,-587.0,10.19,91556.617,847.8,-23898.347,0.0,2.0,20462.0,-6.754,20462.0,846.707,-69.169,-4.102
20562,2,20562,87,-7.652,0.710,-6.597,123.472,-98.143,10.435,0.225,0.108,0.54,-587.0,10.28,91555.429,846.395,-24470.414,0.4,1.704,20549.0,-6.396,20549.0,847.126,-74.756,-4.28
20649,2,20649,87,-7.566,0.387,-6.661,120.432,-100.979,10.333,0.124,0.307,0.269,-587.0,10.32,91561.15,847.330,-25029.990,0.4,2.662,20636.0,-6.467,20636.0,846.727,-57.931,-4.67
20737,2,20737,88,-8.61,0.868,-6.317,118.35,-104.106,11.736,0.91,0.30,0.181,-587.0,10.37,91556.500,847.845,-25588.101,0.2,2.272,20724.0,-6.216,20724.0,846.513,-63.672,-3.857
20827,2,20827,90,-7.709,0.667,-6.424,116.983,-105.933,10.800,0.106,0.30,0.18,-587.0,10.51,91556.390,847.330,-26155.21,0.5,1.655,20814.0,-6.381,20814.0,847.39,-76.86,-3.922
20914,2,20914,87,-7.573,0.875,-6.273,117.348,-106.577,9.427,0.124,0.258,0.80,-587.0,10.51,91557.460,847.447,-26708.351,0.3,2.429,20901.0,-6.338,20901.0,846.738,-61.885,-3.830
21002,2,21002,88,-8.362,0.961,-6.991,118.737,-110.596,8.725,0.72,0.83,0.282,-587.0,10.65,91558.531,846.953,-27279.412,0.2,1.823,20989.0,-6.640,20989.0,846.953,-71.824,-4.269
21089,2,21089,87,-8.133,0.818,-6.754,116.676,-114.16,9.324,0.133,0.81,0.12,-587.0,10.60,91551.757,847.350,-27864.281,0.2,2.256,21076.0,-6.805,21076.0,846.749,-64.133,-4.124
21177,2,21177,88,-7.817,0.681,-6.467,114.542,-115.185,9.792,0.73,0.185,0.169,-587.0,10.69,91550.460,846.953,-28433.224,0.2,2.241,21163.0,-6.273,21163.0,846.554,-64.600,-3.949
21265,2,21265,88,-8.82,0.710,-6.862,110.567,-118.269,10.391,0.115,0.200,0.410,-587.0,10.60,91554.968,847.361,-29019.400,0.1,2.119,21252.0,-6.898,21252.0,846.448,-66.160,-4.190
21354,2,21354,89,-8.240,0.825,-6.410,109.163,-121.46,7.117,0.506,0.13,0.114,-587.0,10.65,91561.632,846.642,-29603.978,0.9,1.550,21341.0,-6.238,21341.0,847.263,-78.918,-3.914
21441,2,21441,87,-7.630,0.997,-6.489,108.564,-120.739,0.964,0.206,0.3,0.90,-587.0,10.65,91558.304,847.157,-30159.183,0.12,-7.524,21428.0,-6.525,21428.0,846.146,-18.115,-3.962
21529,2,21529,88,-7.515,1.40,-6.525,107.190,-121.455,-1.52,0.13,0.66,0.114,-587.0,10.74,91562.812,847.167,-30737.826,0.8,1.581,21516.0,-6.625,21516.0,846.866,-78.48,-3.984
21616,2,21616,87,-8.118,0.789,-6.367,105.422,-124.510,-1.286,0.24,0.54,0.15,-587.0,10.69,91558.304,847.157,-31313.328,0.1,2.120,21603.0,-6.604,21603.0,846.758,-66.29,-3.887
21703,2,21703,87,-7.616,1.112,-6.252,104.983,-125.387,-1.680,0.31,0.59,0.73,-587.0,10.65,91549.273,847.59,-31872.904,0.4,1.704,21690.0,-6.259,21690.0,847.177,-75.223,-3.817
21791,2,21791,88,-7.903,0.832,-6.632,103.405,-126.600,0.365,0.11,0.64,0.5,-587.0,10.69,91556.46,846.662,-32440.175,0.6,3.580,21778.0,-6.632,21778.0,846.565,-45.876,-4.50
21885,2,21885,94,-7.551,1.306,-6.467,103.478,-126.293,-2.513,0.109,0.10,0.61,-587.0,10.65,91556.46,847.59,-33051.523,0.5,1.664,21872.0,-6.374,21872.0,847.70,-75.762,-3.949
21972,2,21972,87,-7.530,1.112,-6.625,99.912,-128.573,-2.645,0.45,0.223,0.474,-587.0,10.65,91554.859,846.662,-33628.898,0.12,-6.835,21959.0,-6.898,21959.0,845.942,-21.540,-4.45
22061,2,22061,89,-7.774,1.313,-6.568,95.542,-131.131,-1.315,0.118,0.32,0.105,-587.0,10.69,91557.0,846.662,-34229.449,0.8,1.577,22048.0,-6.597,22048.0,846.672,-78.238,-4.10
22148,2,22148,87,-8.269,1.450,-6.123,96.726,-131.131,-2.616,0.144,0.44,0.101,-587.0,10.78,91550.343,847.274,-34785.277,0.1,1.903,22135.0,-6.180,22135.0,846.779,-70.937,-3.738
22236,2,22236,88,-7.774,0.990,-6.568,96.916,-130.955,-3.814,0.2,0.7,0.6,-587.0,10.78,91561.515,846.876,-35336.109,0.3,2.451,22222.0,-6.482,22222.0,846.468,-60.891,-4.10
22324,2,22324,88,-7.709,1.191,-6.424,96.375,-131.175,-3.69,0.14,0.93,0.20,-587.0,10.88,91562.703,847.478,-35904.78,0.6,1.620,22311.0,-6.281,22311.0,847.80,-76.895,-3.922
22418,2,22418,94,-8.18,1.313,-6.281,94.928,-132.738,-2.674,0.46,0.98,0.77,-587.0,10.78,91555.929,847.177,-36487.85,0.9,12.441,22405.0,-6.123,22405.0,846.168,2.872,-3.835
22505,2,22505,87,-7.975,1.284,-6.331,94.811,-132.724,-2.104,0.15,0.102,0.44,-587.0,10.92,91555.812,847.692,-37025.117,0.5,1.660,22492.0,-6.245,22492.0,846.683,-75.846,-3.865
22593,2,22593,88,-7.788,1.335,-6.381,96.126,-132.285,-3.273,0.25,0.93,0.40,-587.0,10.92,91555.812,846.876,-37572.175,0.6,1.624,22580.0,-6.187,22580.0,847.285,-76.998,-3.896
22680,2,22680,87,-7.817,0.847,-6.503,95.805,-131.935,-4.574,0.2,0.88,0.51,-587.0,10.92,91553.671,846.779,-38117.386,0.11,-101.400,22667.0,-6.345,22667.0,846.275,84.39,-3.971
22767,2,22767,87,-7.903,1.277,-6.259,95.206,-132.870,-4.121,0.84,0.60,0.138,-587.0,10.92,91556.882,847.80,-38652.917,0.9,1.547,22754.0,-5.965,22754.0,847.101,-78.375,-3.822
22855,2,22855,88,-7.702,1.277,-6.611,96.112,-131.511,-5.334,0.2,0.9,0.135,-587.0,10.88,91553.554,846.779,-39205.660,0.5,3.65,22842.0,-6.597,22842.0,846.585,-52.501,-4.36
22945,2,22945,90,-7.695,1.191,-6.396,95.761,-132.285,-6.737,0.111,0.73,0.29,-587.0,10.92,91553.554,846.876,-39794.222,0.2,1.823,22932.0,-6.482,22932.0,846.800,-72.403,-3.905
23032,2,23032,87,-7.752,0.875,-6.704,93.627,-133.703,-7.527,0.40,0.62,0.57,-587.0,10.88,91559.140,847.800,-40360.355,0.6,1.624,23019.0,-6.532,23019.0,847.401,-77.182,-4.93
23120,2,23120,88,-7.659,1.241,-6.762,91.976,-133.703,-8.623,0.29,0.47,0.2,-587.0,10.97,91565.914,847.90,-40948.472,0.4,2.688,23107.0,-6.833,23107.0,846.994,-57.193,-4.128
23207,2,23207,87,-7.530,0.818,-6.403,93.13,-132.826,-9.836,0.83,0.86,0.30,-587.0,10.97,91557.960,846.994,-41513.42,0.6,3.509,23194.0,-6.144,23194.0,846.392,-46.843,-3.909
23295,2,23295,88,-7.853,1.119,-6.934,92.955,-133.206,-9.339,0.153,0.74,0.91,-587.0,10.97,91557.960,846.285,-42085.421,0.3,2.431,23281.0,-7.13,23281.0,846.91,-60.995,-4.234
23383,2,23383,88,-7.200,0.904,-6.869,92.546,-133.455,-9.704,0.20,0.122,0.60,-587.0,10.97,91550.0,847.90,-42683.97,0.5,1.664,23370.0,-6.417,23370.0,846.596,-75.632,-4.194
23480,2,23480,97,-8.161,1.220,-5.871,90.280,-136.12,-9.222,0.43,0.29,0.146,-587.0,10.97,91551.187,847.294,-43272.875,0.10,1.495,23467.0,-5.742,23467.0,847.617,-79.803,-3.585
23567,2,23567,87,-7.695,0.947,-6.546,91.464,-134.697,-9.938,0.44,0.81,0.41,-587.0,10.97,91559.31,847.810,-43804.972,0.9,6.435,23554.0,-6.489,23554.0,846.800,-23.660,-3.997
23655,2,23655,88,-7.932,0.681,-6.252,88.745,-135.969,-9.222,0.16,0.5,0.284,-587.0,10.106,91555.585,846.499,-44368.136,0.2,2.256,23642.0,-6.309,23642.0,846.596,-64.98,-3.817
23742,2,23742,87,-7.207,1.40,-6.948,90.324,-134.258,-12.291,0.110,0.268,0.19,-587.0,10.115,91555.468,847.15,-44928.23,0.3,1.756,23729.0,-6.561,23729.0,846.918,-73.724,-4.242
23829,2,23829,87,-7.838,0.918,-6.518,90.368,-135.48,-11.867,0.42,0.14,0.96,-587.0,10.129,91550.835,846.918,-45492.285,0.6,3.512,23816.0,-6.410,23816.0,846.316,-46.864,-3.979
23917,2,23917,88,-7.594,0.947,-6.668,90.733,-135.18,-12.43,0.16,0.160,0.68,-587.0,10.138,91556.312,847.443,-46071.875,0.5,1.655,23904.0,-6.762,23904.0,846.842,-76.425,-4.71
24006,2,24006,89,-8.18,1.421,-6.568,88.892,-136.290,-10.289,0.32,0.105,0.62,-587.0,10.143,91555.125,847.658,-46667.953,0.3,2.430,23993.0,-6.632,23993.0,846.541,-61.389,-4.10
24093,2,24093,87,-7.573,1.184,-6.589,87.430,-135.925,-10.917,0.79,0.110,0.180,-587.0,10.152,91561.781,846.950,-47242.828,0.1,1.903,24080.0,-6.582,24080.0,846.648,-70.684,-4.23
24182,2,24182,89,-7.795,1.557,-6.453,86.568,-138.278,-9.733,0.1,0.3,0.26,-587.0,10.156,91557.265,847.270,-47828.46,0.1,2.106,24169.0,-6.568,24169.0,846.552,-67.19,-3.940
24269,2,24269,87,-7.781,1.514,-6.324,83.791,-139.403,-7.936,0.152,0.292,0.375,-587.0,10.156,91557.265,847.57,-48390.433,0.2,1.830,24256.0,-6.360,24256.0,846.756,-72.300,-3.861
24357,2,24357,88,-7.860,1.579,-5.965,78.76,-142.984,-3.741,0.170,0.372,0.390,-587.0,10.152,91548.117,847.57,-48927.839,0.1,1.903,24343.0,-5.994,24343.0,846.862,-70.267,-3.642
24445,2,24445,88,-7.953,1.830,-6.58,74.334,-144.387,-1.695,0.84,0.32,0.29,-587.0,10.147,91550.492,847.250,-49458.753,0.0,2.0,24432.0,-5.936,24432.0,846.862,-68.852,-3.699
24539,2,24539,94,-8.204,2.31,-5.958,73.940,-145.629,-1.622,0.102,0.101,0.49,-587.0,10.156,91550.492,847.250,-50016.117,0.4,2.689,24526.0,-5.922,24526.0,846.454,-56.620,-3.638
24626,2,24626,87,-8.18,1.916,-6.130,75.898,-144.928,-3.668,0.65,0.12,0.143,-587.0,10.161,91556.78,846.756,-50524.480,0.2,1.837,24613.0,-5.764,24613.0,846.648,-72.661,-3.743
24714,2,24714,88,-8.140,1.751,-6.302,76.556,-144.416,-4.106,0.24,0.2,0.11,-587.0,10.166,91561.664,847.368,-51039.320,0.2,1.816,24701.0,-5.936,24701.0,846.873,-73.294,-3.848
24801,2,24801,87,-7.989,1.751,-5.907,77.988,-143.963,-4.750,0.11,0.80,0.162,-587.0,10.161,91561.664,847.368,-51553.929,0.2,2.238,24788.0,-5.893,24788.0,846.680,-64.367,-3.607
24888,2,24888,87,-7.939,1.636,-6.44,77.755,-143.569,-5.71,0.13,0.1,0.52,-587.0,10.161,91560.367,846.454,-52067.601,0.5,1.669,24875.0,-5.915,24875.0,847.174,-76.81,-3.690
24976,2,24976,88,-8.25,1.607,-6.87,79.479,-142.926,-6.182,0.52,0.145,0.270,-587.0,10.166,91559.296,847.164,-52595.707,0.10,11.227,24963.0,-6.87,24963.0,846.272,-1.333,-3.716
25066,2,25066,90,-7.917,1.622,-6.259,82.22,-140.952,-7.205,0.14,0.21,0.94,-587.0,10.170,91552.523,847.378,-53142.597,0.6,1.620,25053.0,-6.65,25053.0,846.883,-76.925,-3.822
25153,2,25153,87,-7.975,1.464,-6.324,81.715,-141.84,-7.585,0.40,0.78,0.96,-587.0,10.166,91557.39,847.368,-53681.875,0.2,2.274,25140.0,-6.331,25140.0,846.668,-64.161,-3.861
25241,2,25241,88,-7.810,1.536,-6.29,80.722,-141.55,-7.892,0.7,0.30,0.25,-587.0,10.175,91555.851,846.883,-54226.406,0.5,1.655,25228.0,-6.44,25228.0,847.195,-76.1,-3.681
25328,2,25328,87,-7.968,1.493,-6.252,80.517,-140.792,-7.190,0.24,0.30,0.50,-587.0,10.175,91555.851,846.883,-54764.125,0.7,3.576,25315.0,-6.317,25315.0,846.583,-45.920,-3.817
25416,2,25416,88,-7.953,1.507,-6.180,81.452,-141.610,-6.737,0.5,0.14,0.56,-587.0,10.179,91551.335,847.904,-55307.777,0.4,1.710,25402.0,-6.180,25402.0,846.991,-74.311,-3.773

















































































































































































































































































































































